date,daily_energy_kWh,daily_mean_kW,daily_max_kW
2023-01-01,34.582247812903645,1.4409269922043186,1.8519699534206144
2023-01-02,33.08562726724572,1.378567802801905,1.729768707937128
2023-01-03,33.58576773349405,1.3994069888955856,1.7747496228342112
2023-01-04,33.37887825576052,1.3907865939900217,1.736194286942484
2023-01-05,33.66697835026013,1.4027907645941722,1.837286314792227
2023-01-06,33.567176597646224,1.3986323582352593,1.80312571412278
2023-01-07,35.44439873040495,1.4768499471002061,1.8367305669638905
2023-01-08,35.297393882496,1.4707247451040002,1.836849320056576
2023-01-09,34.26017698360099,1.427507374316708,1.9211339592252832
2023-01-10,33.83265188177555,1.4096938284073144,1.8168794182544707
2023-01-11,33.881996441271255,1.4117498517196356,1.7354135773325998
2023-01-12,34.089008789384756,1.4203753662243648,1.809694004427099
2023-01-13,34.32897051219915,1.4303737713416311,1.7841866349888773
2023-01-14,35.98290748416181,1.4992878118400752,1.8552043222664056
2023-01-15,35.489200818135465,1.4787167007556443,1.8380790612535296
2023-01-16,34.60189857843555,1.4417457741014814,1.840414713271592
2023-01-17,34.44632115600211,1.4352633815000877,1.734727143733701
2023-01-18,34.73626325201169,1.4473443021671537,1.82926860749948
2023-01-19,34.31474870374545,1.4297811959893938,1.738411788158301
2023-01-20,34.7478452717362,1.4478268863223418,1.836367330757381
2023-01-21,36.067798654588636,1.5028249439411931,1.840680822925436
2023-01-22,35.81184166057563,1.4921600691906514,1.8811387250238163
2023-01-23,34.54338975743321,1.4393079065597172,1.7845609179293225
2023-01-24,34.86882918919805,1.4528678828832522,1.8004724736664623
2023-01-25,35.084970358934996,1.4618737649556248,1.8297752205759656
2023-01-26,35.48407023961136,1.4785029266504734,1.8582505662018631
2023-01-27,34.72687672861366,1.4469531970255691,1.876627750817648
2023-01-28,36.76358466905188,1.5318160278771618,2.0035471843382315
2023-01-29,36.77810796311474,1.532421165129781,1.9413970717556537
2023-01-30,35.228577912570216,1.467857413023759,1.83102280541414
2023-01-31,35.217366331676445,1.467390263819852,1.867304170890096
2023-02-01,37.82233141522808,1.5759304756345032,2.0346428807777945
2023-02-02,37.987287617747526,1.5828036507394803,1.9898807069557904
2023-02-03,37.881578672336055,1.5783991113473357,1.94626399098956
2023-02-04,39.830498565726884,1.659604106905287,2.143831553198288
2023-02-05,39.913236234920774,1.6630515097883656,2.076914985283841
2023-02-06,38.47714737098846,1.603214473791186,2.0241169477013417
2023-02-07,38.757828020217396,1.6149095008423915,2.022493129001739
2023-02-08,38.29885871046209,1.5957857796025872,1.961370580222094
2023-02-09,38.411505122819584,1.6004793801174826,2.035069437337347
2023-02-10,38.29781519437242,1.5957422997655175,2.010836267724959
2023-02-11,40.36074481362984,1.6816977005679101,2.1053688125726944
2023-02-12,40.5676173466064,1.6903173894419332,2.1481322809223373
2023-02-13,38.88104592794387,1.6200435803309947,2.047336938529985
2023-02-14,38.55845065315296,1.60660211054804,2.037863000924093
2023-02-15,38.95154946032479,1.622981227513533,2.035801679529312
2023-02-16,39.26746588283029,1.6361444117845954,2.057367503930016
2023-02-17,38.979549140248004,1.624147880843667,1.9945624868906144
2023-02-18,41.04094822712303,1.7100395094634597,2.170363458565193
2023-02-19,40.53049416884703,1.688770590368626,2.1356414343425967
2023-02-20,39.134762628789744,1.630615109532906,2.019321615389427
2023-02-21,39.35720897233197,1.6398837071804986,2.09122169405307
2023-02-22,39.284563006249854,1.6368567919270773,2.0727104929070093
2023-02-23,39.42896310118246,1.6428734625492691,2.0247922900300783
2023-02-24,39.49841755353654,1.6457673980640226,2.048713586284759
2023-02-25,41.3474329495839,1.7228097062326624,2.100796670659461
2023-02-26,40.81755143080936,1.7007313096170567,2.148940660432266
2023-02-27,39.903212071549206,1.6626338363145503,2.104199514269186
2023-02-28,40.043641063117725,1.668485044296572,2.0945244842139585
2023-03-01,41.814772118879326,1.742282171619972,2.1572693507438525
2023-03-02,41.982393691988875,1.7492664038328698,2.174298754706
2023-03-03,41.76774500915031,1.7403227087145963,2.200209777152953
2023-03-04,44.20567190000922,1.8419029958337176,2.3187656908613343
2023-03-05,43.755024602230655,1.823126025092944,2.250669381967576
2023-03-06,41.9612965455629,1.7483873560651209,2.235621392894453
2023-03-07,41.7601256348368,1.7400052347848665,2.216716344711081
2023-03-08,41.94971758245413,1.747904899268922,2.2312832743944275
2023-03-09,42.49615422345164,1.7706730926438183,2.239924467032941
2023-03-10,42.627290053454395,1.7761370855605998,2.3001377884355425
2023-03-11,44.44680761513759,1.8519503172973995,2.3238733165797507
2023-03-12,44.47532542453274,1.853138559355531,2.3044136471395307
2023-03-13,42.701369267474334,1.7792237194780973,2.2363330007729845
2023-03-14,42.701061167267355,1.7792108819694732,2.225036138854535
2023-03-15,42.922471287702855,1.7884363036542856,2.269713033105661
2023-03-16,42.4290652446376,1.7678777185265666,2.2285870688499143
2023-03-17,42.45246571064322,1.7688527379434673,2.2105756056543964
2023-03-18,44.74718642326727,1.8644661009694696,2.3367540381930776
2023-03-19,45.04842193284954,1.8770175805353977,2.355635513203635
2023-03-20,43.047494014425176,1.7936455839343823,2.2105377572786638
2023-03-21,43.18549416301409,1.7993955901255871,2.2721158107783404
2023-03-22,43.268006374630666,1.8028335989429445,2.2441064845807293
2023-03-23,43.517288492042994,1.8132203538351248,2.2377183039118496
2023-03-24,43.510609749264034,1.8129420728860015,2.253154947622628
2023-03-25,45.14864526997469,1.8811935529156123,2.380017297601216
2023-03-26,45.47597109638898,1.8948321290162076,2.403480888992073
2023-03-27,43.474910449069114,1.8114546020445463,2.283400364999789
2023-03-28,43.51967721665416,1.8133198840272566,2.290149988270142
2023-03-29,43.78435969581562,1.8243483206589841,2.3299347065245444
2023-03-30,43.8872525400716,1.8286355225029833,2.287770421595939
2023-03-31,43.80144885982539,1.8250603691593914,2.2674562570452728
2023-04-01,46.824341561557134,1.9510142317315473,2.470398488058576
2023-04-02,46.74580021353082,1.9477416755637842,2.409481097710031
2023-04-03,44.89498271508269,1.870624279795112,2.370949382928799
2023-04-04,44.83511065394981,1.8681296105812422,2.3550989748746893
2023-04-05,44.83673181463748,1.8681971589432285,2.373043901516371
2023-04-06,45.17230638877504,1.8821794328656267,2.3873609748524243
2023-04-07,45.73102232103264,1.90545926337636,2.3603601583440263
2023-04-08,47.33151335630044,1.9721463898458518,2.48668053777601
2023-04-09,47.232926314453515,1.9680385964355631,2.497952385550156
2023-04-10,44.82382123151801,1.8676592179799172,2.349105625819348
2023-04-11,45.69619593573353,1.904008163988897,2.37145426632306
2023-04-12,45.58165880415024,1.8992357835062599,2.411147476919535
2023-04-13,45.82602456529165,1.9094176902204854,2.390571602811666
2023-04-14,45.69273522648168,1.90386396777007,2.3893085997725336
2023-04-15,47.79737301210692,1.9915572088377882,2.475162101468978
2023-04-16,48.088242595027516,2.003676774792813,2.5124568432773184
2023-04-17,45.84372434944445,1.910155181226852,2.433282058122918
2023-04-18,46.312789509035845,1.9296995628764935,2.4960141899998973
2023-04-19,45.85663868096689,1.9106932783736204,2.434744540792173
2023-04-20,46.6623010374699,1.9442625432279126,2.428277510349906
2023-04-21,46.15579995494171,1.9231583314559046,2.423777739696699
2023-04-22,48.196473709548215,2.008186404564509,2.487959579663338
2023-04-23,49.069909935392445,2.044579580641352,2.5491608613148227
2023-04-24,46.87265903885654,1.9530274599523558,2.4211091711094097
2023-04-25,46.65274229903832,1.94386426245993,2.396076284623798
2023-04-26,46.42441025582656,1.9343504273261065,2.406520178728863
2023-04-27,46.3774561254787,1.9323940052282793,2.538710775633807
2023-04-28,46.96091871144789,1.9567049463103288,2.4979252672555394
2023-04-29,49.10307447281521,2.0459614363673,2.631890199869549
2023-04-30,48.822178744065624,2.034257447669401,2.5150720535846696
2023-05-01,46.086736933232125,1.9202807055513385,2.4680184141600865
2023-05-02,46.53959076719741,1.9391496152998922,2.423093923764692
2023-05-03,46.4652624601525,1.9360526025063542,2.4318452058237483
2023-05-04,46.512571554702106,1.9380238147792543,2.4488839500052024
2023-05-05,46.75539756719591,1.9481415652998295,2.4327876242338418
2023-05-06,48.48039585915608,2.0200164941315033,2.534536064791713
2023-05-07,48.54048905547294,2.0225203773113725,2.524299890431472
2023-05-08,46.78913956823787,1.9495474820099112,2.495090077233081
2023-05-09,47.01437650609284,1.9589323544205348,2.4241045476076954
2023-05-10,47.10288349956953,1.9626201458153971,2.4989374460550304
2023-05-11,46.93554317515516,1.9556476322981318,2.424648123692836
2023-05-12,46.617071399658364,1.9423779749857653,2.4666827390090336
2023-05-13,49.348790386685714,2.0561995994452382,2.608558469212421
2023-05-14,49.68158840612425,2.0700661835885104,2.571099547925954
2023-05-15,47.305447259543435,1.9710603024809765,2.534195606312169
2023-05-16,47.731278254789565,1.9888032606162318,2.46917054050535
2023-05-17,47.67070903039678,1.9862795429331992,2.44824637881098
2023-05-18,47.664308245060795,1.9860128435441997,2.5038734295452287
2023-05-19,47.89730003844112,1.9957208349350466,2.5090969821895266
2023-05-20,49.94492755560693,2.081038648150289,2.575729110720009
2023-05-21,49.904455007201165,2.0793522919667153,2.636714873237508
2023-05-22,48.06619690065101,2.002758204193792,2.4955332049566903
2023-05-23,48.25758433370853,2.0107326805711887,2.5243023129235973
2023-05-24,47.975493675403385,1.9989789031418077,2.454484556712869
2023-05-25,48.190802662174235,2.0079501109239266,2.538534136777587
2023-05-26,48.123713644075345,2.005154735169806,2.5579343844627465
2023-05-27,50.35170233570295,2.0979875973209565,2.660800000957446
2023-05-28,50.813135844652905,2.1172139935272045,2.708814191378488
2023-05-29,48.61782889660068,2.025742870691695,2.540666599976399
2023-05-30,48.747509144338395,2.0311462143474333,2.593683305421978
2023-05-31,48.56672547171597,2.0236135613214987,2.529576491089254
2023-06-01,46.42924607284917,1.9345519197020487,2.4235654014634123
2023-06-02,46.88376999146272,1.9534904163109468,2.405074309620116
2023-06-03,49.24110445111982,2.051712685463326,2.5711277476055816
2023-06-04,49.106600686747065,2.046108361947794,2.553971573794036
2023-06-05,46.573576398780425,1.9405656832825178,2.434038187798633
2023-06-06,46.841386894161666,1.9517244539234027,2.4142731448374124
2023-06-07,46.56018057185379,1.9400075238272414,2.40200268490918
2023-06-08,46.513142953350716,1.9380476230562798,2.463093259158892
2023-06-09,47.02641380097736,1.9594339083740566,2.422401020456055
2023-06-10,49.17032002660804,2.0487633344420018,2.5944769695588192
2023-06-11,49.13540265989365,2.0473084441622356,2.5591201706384177
2023-06-12,47.53388369090062,1.9805784871208594,2.4714859820239528
2023-06-13,47.66609391902893,1.9860872466262054,2.4875765642193346
2023-06-14,47.508615519355985,1.9795256466398328,2.474255432830425
2023-06-15,48.07743319791147,2.0032263832463113,2.5219581483045213
2023-06-16,47.12803321029793,1.9636680504290804,2.4518954798102093
2023-06-17,49.72055495168567,2.0716897896535698,2.5643720322138126
2023-06-18,49.92717997372446,2.080299165571853,2.593905650406975
2023-06-19,47.72664211812886,1.988610088255369,2.4577987980697884
2023-06-20,48.123712785855794,2.005154699410658,2.510115615723913
2023-06-21,48.038939271876544,2.001622469661523,2.5283006702360704
2023-06-22,48.299455606690046,2.0124773169454184,2.504806672301627
2023-06-23,47.955288183711126,1.9981370076546303,2.446233400598559
2023-06-24,50.183777534693796,2.0909907306122415,2.559299884365748
2023-06-25,50.04791284543321,2.0853297018930506,2.6254760390025664
2023-06-26,48.47003263534316,2.0195846931392984,2.536686943466071
2023-06-27,48.52642467469091,2.0219343614454544,2.520624364618432
2023-06-28,48.37184209621493,2.015493420675622,2.530089456955515
2023-06-29,48.2026550249219,2.008443959371746,2.522843687816364
2023-06-30,48.846639528122395,2.0352766470051,2.5326973304058886
2023-07-01,47.5883181721476,1.98284659050615,2.438391182710532
2023-07-02,47.627400214617424,1.9844750089423926,2.509410142107721
2023-07-03,45.781092115303146,1.9075455048042977,2.409679690487898
2023-07-04,45.5272385789432,1.8969682741226332,2.422040361885074
2023-07-05,46.100454618062294,1.9208522757525957,2.318950312652052
2023-07-06,46.145206098138836,1.9227169207557848,2.3826160432972814
2023-07-07,45.96421725764271,1.9151757190684462,2.412885187067645
2023-07-08,48.35440231246105,2.0147667630192103,2.4997426117458037
2023-07-09,48.391131856218976,2.0162971606757907,2.549546594072357
2023-07-10,46.356392711103275,1.9315163629626364,2.473504066458239
2023-07-11,46.6334188922791,1.9430591205116292,2.435786902463855
2023-07-12,46.34402844379777,1.9310011851582403,2.452739421450216
2023-07-13,46.38774724170926,1.932822801737886,2.381787636111813
2023-07-14,46.61890987759216,1.9424545782330067,2.4057938981904314
2023-07-15,48.63506416468317,2.026461006861799,2.574094015636652
2023-07-16,49.096536210730314,2.0456890087804296,2.540138204884999
2023-07-17,46.88301900129575,1.9534591250539897,2.420530370083953
2023-07-18,46.737256957169365,1.9473857065487234,2.451058318463855
2023-07-19,46.4630111584097,1.9359587982670707,2.428029929573745
2023-07-20,46.80069835499391,1.9500290981247463,2.417277426849326
2023-07-21,46.99510045156671,1.958129185481946,2.463794802421102
2023-07-22,49.5156492286889,2.0631520511953707,2.5942253306573027
2023-07-23,49.178158624565675,2.0490899426902365,2.572447563627438
2023-07-24,47.240642936906326,1.968360122371097,2.4406817010097672
2023-07-25,47.57831140499656,1.9824296418748568,2.497875797700275
2023-07-26,47.542900789781044,1.9809541995742102,2.450332938994606
2023-07-27,47.46034919420773,1.9775145497586555,2.525352757347424
2023-07-28,47.67567115284396,1.986486298035165,2.56794804671251
2023-07-29,50.10422663179952,2.087676109658313,2.590208675403894
2023-07-30,49.67189886616808,2.069662452757003,2.583906512001352
2023-07-31,48.026227768314925,2.0010928236797887,2.464732270926135
2023-08-01,44.521314167972896,1.8550547569988707,2.344684401220961
2023-08-02,44.55304598703464,1.8563769161264434,2.300129791788343
2023-08-03,44.95696202525174,1.873206751052156,2.3487328757541897
2023-08-04,44.49563341485353,1.853984725618897,2.317984997969805
2023-08-05,46.93560019395306,1.9556500080813775,2.4627661672248418
2023-08-06,47.10806416952594,1.9628360070635809,2.465237323562059
2023-08-07,44.83489030696738,1.8681204294569742,2.3392572989400824
2023-08-08,45.10064798692251,1.8791936661217712,2.350127198347347
2023-08-09,45.49242321335518,1.8955176338897992,2.3564462317415487
2023-08-10,44.9934243847248,1.8747260160302,2.3449368580384244
2023-08-11,44.85019430359439,1.8687580959830996,2.408895588259192
2023-08-12,47.04611928196439,1.9602549700818495,2.51434723794843
2023-08-13,47.17541351193837,1.965642229664099,2.4458573037612834
2023-08-14,45.09330193437704,1.8788875805990433,2.3023661705756604
2023-08-15,45.34906909804908,1.889544545752045,2.30678622213798
2023-08-16,45.586252792447844,1.899427199685327,2.389050217896559
2023-08-17,45.760077569841954,1.9066698987434147,2.3258725417049955
2023-08-18,45.42547789008642,1.8927282454202674,2.376702417055004
2023-08-19,48.05273041056374,2.002197100440156,2.5136621677791
2023-08-20,48.01418914457247,2.0005912143571862,2.4941896180329666
2023-08-21,45.73212229867314,1.9055050957780475,2.323660493082193
2023-08-22,45.96473715407121,1.9151973814196337,2.3658606825674573
2023-08-23,46.05303822522222,1.9188765927175924,2.379960757393283
2023-08-24,46.03950024396828,1.9183125101653449,2.4054983917841746
2023-08-25,46.14208838235045,1.9225870159312688,2.495033109810296
2023-08-26,48.05716120421229,2.0023817168421787,2.567711898305371
2023-08-27,48.115520197297066,2.0048133415540446,2.5134475171101878
2023-08-28,46.05817724253325,1.9190907184388852,2.3811546023701298
2023-08-29,46.33407388439666,1.9305864118498608,2.4147792744722416
2023-08-30,46.40911256208838,1.9337130234203492,2.3763930608218518
2023-08-31,46.488901775928724,1.9370375739970302,2.354047892100929
2023-09-01,43.56807706679838,1.8153365444499325,2.3049534765374364
2023-09-02,45.6495887405936,1.9020661975247333,2.402909306188403
2023-09-03,45.78505657954084,1.9077106908142019,2.428544782155604
2023-09-04,44.07703399249836,1.836543083020765,2.2979032298618947
2023-09-05,44.30870964838303,1.846196235349293,2.3594150638328992
2023-09-06,44.69354761981783,1.8622311508257428,2.2985895384642783
2023-09-07,44.7929011063973,1.866370879433221,2.3815645130995877
2023-09-08,44.661836195781774,1.8609098414909073,2.3054802002516284
2023-09-09,46.505549864116716,1.9377312443381964,2.472098276671693
2023-09-10,47.07838074876247,1.9615991978651028,2.413005094549792
2023-09-11,44.74232799861786,1.8642636666090775,2.3024743143225743
2023-09-12,44.598408279722136,1.858267011655089,2.278148708006296
2023-09-13,44.9022910678725,1.8709287944946873,2.3593455672234085
2023-09-14,44.712608184825584,1.8630253410343993,2.3984911594148657
2023-09-15,45.01734021909127,1.8757225091288028,2.323882186423028
2023-09-16,46.66944983388377,1.944560409745157,2.43383173816968
2023-09-17,47.01592992235043,1.9589970800979346,2.4174682411018744
2023-09-18,45.19810669191801,1.8832544454965836,2.3432582167682146
2023-09-19,45.21906115730509,1.8841275482210456,2.3358437075769856
2023-09-20,45.23316952322176,1.8847153968009067,2.372996513889534
2023-09-21,45.52237254386993,1.896765522661247,2.37363239169736
2023-09-22,45.03706569839199,1.8765444040996664,2.367050483483258
2023-09-23,47.718897514102665,1.9882873964209444,2.4948959582903427
2023-09-24,47.36894722638483,1.9737061344327014,2.446511081668901
2023-09-25,45.342539910771855,1.8892724962821605,2.365190641734918
2023-09-26,44.93096614319555,1.8721235892998145,2.366666564517529
2023-09-27,45.26525859848097,1.8860524416033737,2.336111197290075
2023-09-28,45.78296098499021,1.907623374374592,2.440827397075226
2023-09-29,45.95903468047182,1.9149597783529924,2.428341504397036
2023-09-30,47.68983929066642,1.9870766371111008,2.490937667133936
2023-10-01,47.35072024971102,1.9729466770712925,2.4784860061629943
2023-10-02,44.73578509287595,1.8639910455364979,2.29676904126669
2023-10-03,45.06376568322494,1.877656903467706,2.4329912119147847
2023-10-04,44.789304589007784,1.866221024541991,2.4076083831975112
2023-10-05,45.07989127994684,1.8783288033311185,2.319094305919149
2023-10-06,45.03883774314139,1.876618239297558,2.316397816527603
2023-10-07,47.46079035949428,1.9775329316455952,2.4475226533054952
2023-10-08,47.31752581515679,1.971563575631533,2.550467481341543
2023-10-09,45.35087309131341,1.8896197121380587,2.3763583734258145
2023-10-10,45.41708892196981,1.8923787050820753,2.3535994459902025
2023-10-11,45.25350795142304,1.8855628313092934,2.384777065413888
2023-10-12,45.25153523074248,1.88548063461427,2.400861315518111
2023-10-13,45.937689055296,1.914070377304,2.3484666907622644
2023-10-14,47.38956582484066,1.9745652427016942,2.474717392297124
2023-10-15,47.5481347396521,1.9811722808188375,2.473319237205968
2023-10-16,45.73993895599828,1.9058307898332616,2.449228969450762
2023-10-17,45.87296525888571,1.9113735524535713,2.421080501705668
2023-10-18,46.19643206915313,1.924851336214714,2.4106471286345457
2023-10-19,46.272096942315585,1.9280040392631494,2.391593566448902
2023-10-20,46.18772909355647,1.9244887122315195,2.386617388527457
2023-10-21,47.9004068999546,1.9958502874981086,2.4931642942428067
2023-10-22,48.5853007881827,2.024387532840946,2.540387251971984
2023-10-23,46.035253391338124,1.9181355579724217,2.417501500712037
2023-10-24,46.05309848056509,1.9188791033568788,2.362967019559718
2023-10-25,46.21697541682703,1.9257073090344596,2.405703018483796
2023-10-26,46.34728763877418,1.9311369849489244,2.386897477130409
2023-10-27,46.44191301125003,1.9350797088020846,2.437583574136501
2023-10-28,48.62798407216826,2.026166003007011,2.578392160910966
2023-10-29,48.57393988241689,2.02391416176737,2.501454561435624
2023-10-30,46.85935194730685,1.952472997804452,2.4317454637969984
2023-10-31,46.72751536188404,1.9469798067451682,2.3994630632425493
2023-11-01,47.290176435289624,1.9704240181370676,2.431119233669848
2023-11-02,48.19873136194164,2.008280473414235,2.5159932681119064
2023-11-03,48.002623300931525,2.00010930420548,2.4977759984016688
2023-11-04,50.23078141898233,2.0929492257909303,2.600024480586028
2023-11-05,50.20728150222264,2.09197006259261,2.640287227712853
2023-11-06,47.5780476247748,1.9824186510322832,2.435521403031859
2023-11-07,48.036668499297264,2.001527854137386,2.514261857507348
2023-11-08,48.26102205501671,2.0108759189590297,2.523246841139083
2023-11-09,48.124161992092496,2.0051734163371875,2.457227483217298
2023-11-10,48.00592881647051,2.0002470340196044,2.5130776565730213
2023-11-11,50.640067430717494,2.110002809613229,2.639226344627545
2023-11-12,50.22736562261586,2.0928069009423274,2.602728334261887
2023-11-13,48.20964947535564,2.008735394806485,2.483544621073434
2023-11-14,48.36307959328053,2.0151283163866887,2.569851863426873
2023-11-15,48.513630557533816,2.0214012732305755,2.569503822468133
2023-11-16,48.24091838607217,2.0100382660863403,2.487785700753635
2023-11-17,49.01183309700628,2.0421597123752617,2.5150435282649704
2023-11-18,50.80655219079045,2.1169396746162685,2.6958731407148666
2023-11-19,51.42495942634518,2.1427066427643826,2.6625992723066365
2023-11-20,49.19753715238623,2.0498973813494263,2.5950532428242106
2023-11-21,48.851569505138976,2.035482062714124,2.54716899737265
2023-11-22,48.919060597222,2.0382941915509165,2.541008983332054
2023-11-23,49.187106307958956,2.0494627628316233,2.522988594571632
2023-11-24,49.02262045394475,2.042609185581031,2.5361710563988344
2023-11-25,51.39631080124323,2.1415129500518013,2.633537581849687
2023-11-26,51.34346865195616,2.1393111938315066,2.6773375260363985
2023-11-27,49.43553620778164,2.0598140086575683,2.6576152818895937
2023-11-28,49.63339718612881,2.0680582160887004,2.6216570246370536
2023-11-29,49.487605098371866,2.0619835457654943,2.545492194385895
2023-11-30,50.06385452530276,2.0859939385542816,2.6272685950739096
2023-12-01,52.0334492263505,2.168060384431271,2.7366851308507445
2023-12-02,54.45789073659765,2.2690787806915687,2.8248555434204605
2023-12-03,54.79522467073527,2.2831343612806365,2.8861762331477494
2023-12-04,52.29263008809514,2.178859587003964,2.729891215694256
2023-12-05,52.415565464706596,2.1839818943627747,2.7247736221896743
2023-12-06,52.414576356321724,2.183940681513405,2.723473622153177
2023-12-07,53.004972258312335,2.208540510763014,2.8283022548517742
2023-12-08,52.87486669102573,2.2031194454594054,2.782526051887015
2023-12-09,55.109332150302095,2.296222172929254,2.8262226918534408
2023-12-10,55.29697994078692,2.3040408308661218,2.9328926706506477
2023-12-11,53.0100681586414,2.2087528399433918,2.7776793770441466
2023-12-12,53.3242268250588,2.22184278437745,2.752842778908004
2023-12-13,53.32450809028525,2.2218545037618855,2.7904663269701104
2023-12-14,53.15786519317111,2.214911049715463,2.790672828999852
2023-12-15,53.28863138306186,2.2203596409609108,2.755753159652292
2023-12-16,55.82836370842785,2.326181821184494,2.877670345634357
2023-12-17,55.715803524229344,2.321491813509556,2.9791326184900706
2023-12-18,53.37164385687581,2.223818494036492,2.823893293313948
2023-12-19,53.30691902233516,2.2211216259306314,2.749919625074602
2023-12-20,53.51468712167154,2.2297786300696476,2.869763080904176
2023-12-21,53.85039421743153,2.2437664257263137,2.857127811221855
2023-12-22,53.581833293118066,2.232576387213253,2.8520987733269614
2023-12-23,56.45375302155934,2.352239709231639,2.9345484242098108
2023-12-24,55.978942189352836,2.3324559245563683,2.956116117036064
2023-12-25,53.91917437514225,2.246632265630927,2.790015093394647
2023-12-26,54.05333892362258,2.252222455150941,2.8378371296383875
2023-12-27,54.04563917447082,2.2519016322696177,2.866230448830979
2023-12-28,54.20719304698944,2.25863304362456,2.8416837841171403
2023-12-29,54.448408390459676,2.2686836829358197,2.8236640556499544
2023-12-30,56.654050270738466,2.360585427947436,2.948064968922225
2023-12-31,56.90271228521023,2.3709463452170927,2.96112594043116
2024-01-01,58.48512373404096,2.43688015558504,3.068413669906004
2024-01-02,58.02089832922296,2.41753743038429,2.998433937476161
2024-01-03,58.52745702845828,2.4386440428524283,3.032486244236372
2024-01-04,58.363570563152486,2.4318154401313534,3.091445502482069
2024-01-05,58.20947484775252,2.4253947853230216,3.010642757764127
2024-01-06,61.27948182933411,2.5533117428889214,3.1859578682348366
2024-01-07,61.25459991535635,2.5522749964731815,3.1941446348785894
2024-01-08,58.895145172698776,2.453964382195782,3.066153284244008
2024-01-09,58.92145635569011,2.455060681487088,3.114697282448587
2024-01-10,59.272135677422575,2.469672319892607,3.068462360554393
2024-01-11,58.8064351904265,2.4502681329344376,3.035459024065092
2024-01-12,59.10540796325673,2.4627253318023636,3.065612810528434
2024-01-13,61.75856459932915,2.573273524972048,3.178790235876345
2024-01-14,62.25966379832345,2.5941526582634773,3.191753160310298
2024-01-15,59.727460560128094,2.488644190005337,3.096621454106708
2024-01-16,59.39937243929687,2.4749738516373694,3.117718686092736
2024-01-17,59.48999066331282,2.4787496109713674,3.1000806736373976
2024-01-18,59.25459280081672,2.4689413667006965,3.125992229969239
2024-01-19,59.34599134701742,2.472749639459059,3.1203115647602395
2024-01-20,61.97350577405974,2.582229407252489,3.268773264435119
2024-01-21,62.23220800813251,2.5930086670055212,3.3213318204796467
2024-01-22,59.63602748565003,2.4848344785687515,3.1598941322277243
2024-01-23,59.97177580987388,2.4988239920780786,3.186361824061744
2024-01-24,59.66469979988458,2.4860291583285243,3.124287167038408
2024-01-25,60.093080478985144,2.503878353291048,3.1657334359169664
2024-01-26,59.85105059840503,2.493793774933543,3.1622258815392152
2024-01-27,63.04340177459113,2.6268084072746305,3.2436219901172967
2024-01-28,62.932782228993496,2.6221992595413957,3.254893564105342
2024-01-29,59.9951277661418,2.4997969902559083,3.151610534107081
2024-01-30,60.3232615173502,2.5134692298895915,3.1090512833507438
2024-01-31,60.42751398573676,2.5178130827390315,3.155460516140716
2024-02-01,64.89719124894285,2.7040496353726184,3.441021088878998
2024-02-02,64.63142058676308,2.692975857781795,3.3849970911595797
2024-02-03,67.65290791379319,2.818871163074716,3.4931153608729084
2024-02-04,67.69475506888759,2.820614794536983,3.567983014810352
2024-02-05,64.75800416393182,2.698250173497159,3.385194093828103
2024-02-06,64.99986208125735,2.708327586719056,3.459662240326113
2024-02-07,65.34124166987738,2.7225517362448906,3.4287879248406625
2024-02-08,64.96982914188891,2.707076214245371,3.399851992824145
2024-02-09,65.11335317237777,2.713056382182407,3.400382324638778
2024-02-10,68.10796085863798,2.8378317024432493,3.533746030314699
2024-02-11,68.28308774191528,2.8451286559131366,3.546005009900661
2024-02-12,65.20222063879696,2.7167591932832065,3.394585459390904
2024-02-13,65.4885641497718,2.7286901729071587,3.380721195159156
2024-02-14,65.34547923101118,2.7227283012921326,3.453553071378737
2024-02-15,65.58558765903192,2.73273281912633,3.4076268571271715
2024-02-16,65.69137999176974,2.7371408329904057,3.4009994302332656
2024-02-17,69.22220903173775,2.8842587096557395,3.5552072565373725
2024-02-18,68.81728981703434,2.867387075709764,3.5953302115878
2024-02-19,65.90833549968947,2.746180645820395,3.5107660621357417
2024-02-20,65.96567567625996,2.7485698198441653,3.3911074510176724
2024-02-21,65.83170518655442,2.742987716106434,3.489064189966884
2024-02-22,66.48879041605389,2.7703662673355787,3.4969021905025293
2024-02-23,66.0343156545949,2.7514298189414546,3.456036338669197
2024-02-24,69.19908895465531,2.883295373110638,3.634698731414411
2024-02-25,69.35190195340402,2.889662581391834,3.611589046164666
2024-02-26,66.33747016014502,2.764061256672709,3.454560174564897
2024-02-27,65.93016797694108,2.747090332372545,3.498226821484944
2024-02-28,66.51153036161367,2.771313765067236,3.4870555538143018
2024-02-29,67.08065360267716,2.795027233444882,3.4851234336120887
2024-03-01,69.82048590943252,2.9091869128930217,3.6940518392003567
2024-03-02,73.14482041228365,3.0477008505118186,3.841190840521964
2024-03-03,73.3639799800534,3.0568324991688915,3.819675266709772
2024-03-04,70.19321452817023,2.924717272007093,3.637293325757249
2024-03-05,70.46265249835197,2.935943854097999,3.728867592009091
2024-03-06,70.1892630405061,2.9245526266877544,3.721583741343543
2024-03-07,70.32619722423833,2.930258217676597,3.649662213710664
2024-03-08,70.56642194462565,2.9402675810260686,3.653836863377745
2024-03-09,73.80308138861474,3.075128391192281,3.844672319007602
2024-03-10,74.0236814935585,3.0843200622316043,3.828197078402285
2024-03-11,70.56619375373575,2.940258073072323,3.79232697327681
2024-03-12,70.92774952366808,2.9553228968195033,3.689106818898583
2024-03-13,70.57303734394381,2.9405432226643256,3.7070178045586912
2024-03-14,70.71323305171367,2.94638471048807,3.698963106000586
2024-03-15,70.65219964937498,2.9438416520572908,3.6785413601019687
2024-03-16,74.28855006678364,3.095356252782652,3.917561127532153
2024-03-17,74.39838975236219,3.0999329063484247,3.843400103678671
2024-03-18,71.67249565015557,2.9863539854231487,3.702920259617657
2024-03-19,70.96725184939993,2.9569688270583305,3.668307789628109
2024-03-20,71.42012396777244,2.975838498657185,3.7428695576405655
2024-03-21,71.43434040493963,2.976430850205818,3.808743742227753
2024-03-22,71.25307613781182,2.9688781724088256,3.762245725618983
2024-03-23,74.34933216280211,3.0978888401167546,3.8812515378558543
2024-03-24,75.45799943147912,3.1440833096449636,3.9894835216068016
2024-03-25,71.55271403421204,2.981363084758835,3.739619721320734
2024-03-26,71.73777979897685,2.989074158290702,3.731712535082949
2024-03-27,71.72017111445795,2.9883404631024146,3.795600841055609
2024-03-28,71.80471417086498,2.9918630904527075,3.8033144075905705
2024-03-29,72.1289143797589,3.005371432489954,3.766126235892204
2024-03-30,74.86778138100176,3.1194908908750736,3.9422479954094674
2024-03-31,75.28967088389216,3.137069620162173,3.899088300975728
2024-04-01,73.38223551564042,3.0575931464850172,3.8655235505123104
2024-04-02,73.92758807706197,3.080316169877582,3.843407186579309
2024-04-03,73.67711740193329,3.0698798917472203,3.854964610790839
2024-04-04,73.61630527201508,3.0673460530006285,3.870962205225024
2024-04-05,73.76136584245722,3.0733902434357177,3.896442253385991
2024-04-06,77.43548375014205,3.2264784895892524,4.097709259359895
2024-04-07,77.15412158039628,3.214755065849845,3.98562795290936
2024-04-08,74.19242486905392,3.0913510362105803,3.890717005934469
2024-04-09,73.94134597911568,3.0808894157964866,3.859972461849488
2024-04-10,74.24705551923479,3.09362731330145,3.892898739356586
2024-04-11,74.1914734920252,3.09131139550105,3.840443412116308
2024-04-12,74.64827682433494,3.1103448676806225,3.936599931432856
2024-04-13,78.08590009422544,3.2535791705927264,4.049344791051405
2024-04-14,78.11846374630242,3.2549359894292675,4.085067863076605
2024-04-15,74.38541323963518,3.099392218318133,3.843402541624904
2024-04-16,74.4879655996013,3.1036652333167205,3.905556363880134
2024-04-17,74.86820810247116,3.1195086709362982,3.874030614591983
2024-04-18,74.90053220344703,3.1208555084769594,3.941972634650324
2024-04-19,74.67195381807103,3.111331409086293,3.825793165274447
2024-04-20,78.38049649146495,3.2658540204777062,4.046365021935796
2024-04-21,78.08134484969553,3.2533893687373134,4.060844339732161
2024-04-22,75.26323079763571,3.135967949901488,4.015983874139355
2024-04-23,75.03627980331073,3.1265116584712804,3.960322494903525
2024-04-24,75.6688603179721,3.152869179915504,3.931775717359976
2024-04-25,75.41239505723657,3.142183127384857,3.920819835918738
2024-04-26,75.59815215175827,3.1499230063232613,3.973103144241557
2024-04-27,79.01206450380471,3.292169354325196,4.156463400174376
2024-04-28,79.17424983228128,3.2989270763450533,4.173155443607744
2024-04-29,76.18745354622727,3.174477231092803,3.943158663127885
2024-04-30,76.00194021196796,3.1667475088319983,3.984327528995392
2024-05-01,74.22645979368858,3.0927691580703573,3.9115364648471753
2024-05-02,74.88345132679324,3.1201438052830515,3.909316539452598
2024-05-03,74.85123749737453,3.118801562390605,3.902492836442791
2024-05-04,78.41952275719012,3.267480114882922,4.056564636303944
2024-05-05,78.035286491029,3.2514702704595417,4.064710972272679
2024-05-06,74.94373118422152,3.12265546600923,3.889779138842552
2024-05-07,75.27015557736134,3.136256482390056,3.933228094745132
2024-05-08,74.94900335751375,3.122875139896406,3.988092498124937
2024-05-09,75.09890848806933,3.1291211870028888,3.9295530999815056
2024-05-10,75.00549124060005,3.125228801691669,3.918274255031777
2024-05-11,79.00792698975609,3.2919969579065036,4.109243664645714
2024-05-12,79.1215682124781,3.296732008853254,4.100249438105593
2024-05-13,74.96121122910564,3.1233838012127353,3.879608207574609
2024-05-14,75.56461489849507,3.1485256207706276,3.888511321130269
2024-05-15,75.74072476197989,3.155863531749162,3.9532737548328174
2024-05-16,75.95332659782632,3.1647219415760968,3.948376031135455
2024-05-17,76.12554118822277,3.171897549509282,3.9408223621424394
2024-05-18,79.6020359655544,3.316751498564767,4.205499763740373
2024-05-19,79.63789255410053,3.3182455230875223,4.153024323628962
2024-05-20,76.26345729213666,3.177644053839028,3.9486266989681993
2024-05-21,76.17165981407477,3.173819158919782,3.984230523854397
2024-05-22,75.94685736421945,3.1644523901758106,4.0491443953697575
2024-05-23,76.52413782108205,3.1885057425450856,3.912813485238609
2024-05-24,76.49730749593886,3.1873878123307855,4.006452117055402
2024-05-25,80.30182831615974,3.3459095131733227,4.240431777980065
2024-05-26,79.94148409097714,3.330895170457381,4.13419465530293
2024-05-27,76.99591036061737,3.2081629316923905,4.020372830027823
2024-05-28,76.4049151167752,3.1835381298656333,4.03396889738826
2024-05-29,76.55041914892534,3.1896007978718894,3.9721663506372624
2024-05-30,76.99483958737683,3.2081183161407014,3.971035236474747
2024-05-31,76.91176509237638,3.204656878849016,4.049141591126188
2024-06-01,76.87616950469214,3.2031737293621725,4.063504460684417
2024-06-02,76.79479352203516,3.1997830634181317,4.00347998772707
2024-06-03,73.70486160016517,3.071035900006882,3.8710783582281714
2024-06-04,73.5623936541247,3.065099735588529,3.858176466632263
2024-06-05,73.81817340457765,3.0757572251907352,3.798503458633345
2024-06-06,73.5867382877234,3.0661140953218085,3.827689215942952
2024-06-07,73.41944740018741,3.0591436416744755,3.808837399607852
2024-06-08,77.74285958263165,3.2392858159429854,4.166627020024359
2024-06-09,77.79340047738869,3.241391686557862,4.050245538505698
2024-06-10,74.27202095137984,3.094667539640827,3.938753440252433
2024-06-11,74.34076785684243,3.0975319940351014,3.854187006249884
2024-06-12,74.2672658565806,3.094469410690858,3.901951875237944
2024-06-13,74.49595830693076,3.1039982627887817,3.899006603482433
2024-06-14,74.5212255726038,3.105051065525158,3.919498184456762
2024-06-15,78.091897319886,3.25382905499525,4.114631103582492
2024-06-16,78.13780752941943,3.2557419803924765,4.097896036415797
2024-06-17,74.69522091578588,3.1123008714910783,3.888687253567996
2024-06-18,74.75519488006061,3.114799786669192,3.943576659310913
2024-06-19,74.64744291451211,3.1103101214380047,3.9677677001064726
2024-06-20,74.67760808620193,3.111567003591747,3.8907864799156737
2024-06-21,74.68818504524394,3.1120077102184975,3.867357330997824
2024-06-22,78.37183704973529,3.265493210405637,4.031472079675923
2024-06-23,78.79918159517165,3.2832992331321518,4.073293461560478
2024-06-24,75.24127539766876,3.1350531415695317,3.9203191445372174
2024-06-25,74.80179489312262,3.1167414538801093,3.9283741826872087
2024-06-26,75.4508045680814,3.143783523670058,3.958954279364357
2024-06-27,75.98265756674017,3.1659440652808404,3.94305149870228
2024-06-28,76.0393607259072,3.1683066969128,3.965537475771785
2024-06-29,79.09034440563251,3.2954310169013543,4.161880853373576
2024-06-30,79.02647302090635,3.2927697092044315,4.16906532786309
2024-07-01,70.89161538693111,2.953817307788796,3.686819783329419
2024-07-02,70.89838428857998,2.954099345357499,3.820910428219445
2024-07-03,70.91140973312001,2.9546420722133337,3.656528835281471
2024-07-04,71.35266935432261,2.973027889763442,3.8292451867187
2024-07-05,71.10405204545262,2.9626688352271926,3.6579308396953074
2024-07-06,74.56066239478106,3.1066942664492108,3.91372362825968
2024-07-07,74.7183764932455,3.1132656872185627,3.892815757646042
2024-07-08,71.11361805150922,2.963067418812884,3.673320388961977
2024-07-09,71.25944804614593,2.969143668589414,3.716530988227485
2024-07-10,71.00991582078584,2.958746492532743,3.6473529733140992
2024-07-11,71.6796514747507,2.9866521447812793,3.71142341904159
2024-07-12,71.40821260606288,2.9753421919192866,3.727782772271385
2024-07-13,74.64878557127794,3.1103660654699143,3.904126684358007
2024-07-14,75.16615221954545,3.131923009147727,3.920922674794832
2024-07-15,71.88514796182795,2.995214498409498,3.751622030062171
2024-07-16,71.98447422053499,2.9993530925222913,3.786731890133895
2024-07-17,72.15460563616023,3.006441901506676,3.8556443127309072
2024-07-18,71.83979355681194,2.9933247315338307,3.764428401244887
2024-07-19,71.37612796596883,2.974005331915368,3.758294081519453
2024-07-20,75.85161146487503,3.16048381103646,3.946604327684268
2024-07-21,75.25948214225579,3.1358117559273246,4.036542521012295
2024-07-22,72.03496111255316,3.0014567130230483,3.822993323620639
2024-07-23,73.04687586230038,3.0436198275958493,3.820619726506854
2024-07-24,72.43888895222031,3.018287039675846,3.793516052095301
2024-07-25,72.37145754599973,3.0154773977499887,3.728919152872483
2024-07-26,72.4352972923843,3.0181373871826795,3.804541112497557
2024-07-27,75.64750003953027,3.1519791683137615,3.970831153396544
2024-07-28,75.85530233023215,3.160637597093006,3.9509485797530894
2024-07-29,72.92056668457823,3.0383569451907597,3.7356396094859177
2024-07-30,73.28926035160255,3.053719181316773,3.792787102869594
2024-07-31,73.08556098054042,3.0452317075225177,3.848898976354672
2024-08-01,67.81487782637726,2.8256199094323855,3.5219904693225352
2024-08-02,67.45533004037165,2.810638751682152,3.507887196934816
2024-08-03,70.7762088963585,2.9490087040149375,3.690138962293674
2024-08-04,71.74487756724048,2.98936989863502,3.702322001268733
2024-08-05,67.83564844601882,2.826485351917451,3.533271989986424
2024-08-06,68.21938016045027,2.8424741733520946,3.6201389213083446
2024-08-07,68.26291546357272,2.8442881443155303,3.482445507000171
2024-08-08,67.98266570334737,2.8326110709728067,3.590292518058966
2024-08-09,68.22798763274352,2.84283281803098,3.626620634774265
2024-08-10,71.36417279154941,2.973507199647892,3.81913982009878
2024-08-11,71.39402644636331,2.9747511019318047,3.735464006305085
2024-08-12,68.47265878213075,2.853027449255448,3.5816599062163266
2024-08-13,68.7010320465627,2.8625430019401126,3.568686697796549
2024-08-14,68.39751433816744,2.8498964307569765,3.621123785974047
2024-08-15,69.17096849149215,2.8821236871455063,3.6400060114065855
2024-08-16,69.02681082446769,2.8761171176861535,3.626118730621197
2024-08-17,72.20219846249513,3.008424935937297,3.753267422587512
2024-08-18,71.98166584507952,2.9992360768783133,3.765602233431976
2024-08-19,68.59808517950914,2.858253549146214,3.6069654084022127
2024-08-20,68.9652897222636,2.8735537384276504,3.559285463300509
2024-08-21,69.15811990015747,2.881588329173228,3.540922992912763
2024-08-22,69.30680222728924,2.8877834261370516,3.659852719410962
2024-08-23,68.87871164640207,2.869946318600086,3.638548474476282
2024-08-24,72.54964034762013,3.0229016811508385,3.782843273222954
2024-08-25,72.55671138758225,3.0231963078159274,3.7941239780418266
2024-08-26,68.9518701365074,2.8729945890211415,3.5644782862608717
2024-08-27,69.64539951196438,2.9018916463318494,3.633153798636037
2024-08-28,69.68732870120849,2.903638695883687,3.613247685370622
2024-08-29,69.42620024606988,2.892758343586245,3.6261623211290135
2024-08-30,68.99475674508965,2.874781531045402,3.62060035915149
2024-08-31,73.15645987986021,3.0481858283275085,3.854128764829833
2024-09-01,69.16301154834676,2.8817921478477815,3.629815932003478
2024-09-02,65.92723292793448,2.746968038663937,3.4621015121452183
2024-09-03,66.14975201472453,2.7562396672801888,3.4440541280416888
2024-09-04,66.07763008690392,2.75323458695433,3.5009483001731043
2024-09-05,66.12513799107981,2.755214082961659,3.4422480757685303
2024-09-06,66.10770535288017,2.7544877230366738,3.4473191188635868
2024-09-07,69.29678783441283,2.887366159767201,3.5959537727906628
2024-09-08,69.2152388608666,2.8839682858694418,3.629546725284584
2024-09-09,66.49099393818182,2.770458080757576,3.520948588887171
2024-09-10,66.4687836342108,2.76953265142545,3.451414163978228
2024-09-11,66.71664738613214,2.7798603077555057,3.489466654822066
2024-09-12,66.4312389801242,2.7679682908385086,3.4576593101158024
2024-09-13,66.73414481873802,2.7805893674474174,3.4271384766477766
2024-09-14,69.88908384245667,2.912045160102361,3.6978544921968672
2024-09-15,70.10059226296347,2.9208580109568114,3.64764626608865
2024-09-16,66.90338505450286,2.787641043937619,3.467899756978014
2024-09-17,66.93449402151539,2.7889372508964745,3.5193952331603104
2024-09-18,66.55982404097513,2.773326001707297,3.4401136909894605
2024-09-19,66.95071977620397,2.789613324008499,3.497774735031593
2024-09-20,66.71358606652622,2.7797327527719258,3.4708016608544248
2024-09-21,70.27272255609908,2.9280301065041283,3.6794421383463938
2024-09-22,70.17761634704227,2.9240673477934283,3.6770925580850498
2024-09-23,66.80481901928594,2.783534125803581,3.505836829487902
2024-09-24,67.1606356479273,2.7983598186636374,3.58961531601052
2024-09-25,67.97079301406461,2.8321163755860255,3.566863546159825
2024-09-26,67.57956039139643,2.8158150163081843,3.501489166271224
2024-09-27,67.45333492503426,2.810555621876427,3.543655177404858
2024-09-28,70.56668787328233,2.9402786613867637,3.647054592851841
2024-09-29,70.27824307001525,2.928260127917302,3.614135592298762
2024-09-30,67.39680188062455,2.808200078359356,3.538815282791072
2024-10-01,65.91319133687976,2.74638297236999,3.463840533320826
2024-10-02,66.030570448546,2.751273768689417,3.5187857235654554
2024-10-03,66.50769840990714,2.7711541004127973,3.470261108328266
2024-10-04,66.46478300319895,2.7693659584666226,3.409186510204554
2024-10-05,69.90346297356038,2.912644290565016,3.655385009586266
2024-10-06,69.68962514648776,2.9037343811036567,3.6699939870103697
2024-10-07,66.72555761665457,2.780231567360607,3.4631700191874053
2024-10-08,66.62140959101856,2.7758920662924402,3.4966066489241205
2024-10-09,66.43011745795111,2.767921560747963,3.433186330536663
2024-10-10,66.26826953512322,2.761177897296801,3.462350451036704
2024-10-11,66.55009467839761,2.7729206115999006,3.521725624286436
2024-10-12,70.2331306490828,2.9263804437117833,3.69917368540709
2024-10-13,69.98213772975744,2.91592240540656,3.681927272954909
2024-10-14,66.93120483935077,2.7888002016396154,3.511231406229488
2024-10-15,66.85414811582639,2.7855895048260995,3.460427107397359
2024-10-16,66.9204972886655,2.788354053694396,3.469630461428576
2024-10-17,66.84735549623893,2.7853064790099555,3.542502997523596
2024-10-18,67.58674018454303,2.8161141743559597,3.530805865451146
2024-10-19,70.11840230446086,2.9216000960192026,3.709380655857244
2024-10-20,70.25905522164247,2.927460634235103,3.650480590314965
2024-10-21,67.63974866728361,2.818322861136817,3.532885759594856
2024-10-22,67.96641545706082,2.8319339773775343,3.5942561729579925
2024-10-23,67.46703016815312,2.81112625700638,3.4698693856143947
2024-10-24,67.66765145287471,2.819485477203113,3.5165909748221984
2024-10-25,67.51812773366237,2.813255322235932,3.4693479871956208
2024-10-26,71.00230954633211,2.9584295644305048,3.726962530751938
2024-10-27,70.98985451666468,2.9579106048610284,3.679441866441544
2024-10-28,67.87580998772172,2.8281587494884053,3.5109175046508856
2024-10-29,68.08726666081306,2.836969444200544,3.57341752432689
2024-10-30,67.76694985029022,2.823622910428759,3.530629523045644
2024-10-31,67.87222582593552,2.82800940941398,3.60096827396943
2024-11-01,69.62194779527974,2.900914491469989,3.7235366961986616
2024-11-02,73.29630122201435,3.0540125509172644,3.762619200162253
2024-11-03,72.78687087538927,3.0327862864745527,3.8122723969387113
2024-11-04,69.36195799490292,2.890081583120955,3.615229166583038
2024-11-05,69.68767743377778,2.9036532264074073,3.6594301728951257
2024-11-06,70.19148472819253,2.9246451970080223,3.6844946304618302
2024-11-07,69.99683127048608,2.9165346362702533,3.613208289096443
2024-11-08,69.92599448855627,2.9135831036898447,3.669919989544749
2024-11-09,73.14903768433446,3.0478765701806023,3.8811238042563416
2024-11-10,73.01344205681748,3.042226752367395,3.804111607993264
2024-11-11,70.11034991305954,2.921264579710814,3.6711090252128384
2024-11-12,69.70835876080233,2.9045149483667636,3.614065116323683
2024-11-13,69.99438015067673,2.916432506278197,3.642155882796007
2024-11-14,70.65930779434612,2.9441378247644217,3.684322614190225
2024-11-15,70.038654653157,2.918277277214875,3.674918162814321
2024-11-16,73.90281870984221,3.079284112910092,3.844115818921901
2024-11-17,73.78562503428381,3.074401043095159,3.9099272883327134
2024-11-18,70.76322073613323,2.948467530672218,3.713634609951869
2024-11-19,70.72547135446639,2.946894639769433,3.647305120437074
2024-11-20,70.51040897588491,2.937933707328538,3.684196594412681
2024-11-21,70.98892299850613,2.957871791604422,3.784917399428677
2024-11-22,70.50046986789944,2.937519577829143,3.703572544531368
2024-11-23,74.18730313518591,3.0911376306327463,3.92689836772069
2024-11-24,74.57338172000227,3.107224238333428,3.855048422820774
2024-11-25,70.6750967479565,2.944795697831521,3.685516249164648
2024-11-26,71.20413258353751,2.9668388576473963,3.680187244609712
2024-11-27,70.9270517585668,2.955293823273617,3.6717587641017673
2024-11-28,71.17375775961634,2.965573239984014,3.703198400199177
2024-11-29,70.89792169325283,2.9540800705522012,3.729496571520716
2024-11-30,74.71729287398166,3.1132205364159025,3.9593677161787535
2024-12-01,78.95109810645815,3.2896290877690895,4.206268921096169
2024-12-02,75.73306776892471,3.155544490371863,4.017465342024924
2024-12-03,75.87810421676934,3.1615876756987227,3.988376532715325
2024-12-04,75.52385317291625,3.146827215538177,3.9912016107843487
2024-12-05,75.96884937255206,3.1653687238563357,3.9253690791133065
2024-12-06,75.95154898218655,3.164647874257773,4.054734777991938
2024-12-07,79.4785295530753,3.3116053980448044,4.185486795311591
2024-12-08,79.30246140589611,3.304269225245671,4.131597157070396
2024-12-09,76.14312353712225,3.1726301473800937,3.991818575168109
2024-12-10,76.0200981209059,3.167504088371079,3.966329721933061
2024-12-11,76.15398556801252,3.1730827320005215,3.969328638716269
2024-12-12,76.2515123698939,3.177146348745579,3.9970965312534776
2024-12-13,75.84770564805288,3.16032106866887,3.959680753873119
2024-12-14,79.70582637089947,3.321076098787478,4.166127755555047
2024-12-15,80.39659261060396,3.3498580254418315,4.245468254555679
2024-12-16,76.30927359573901,3.1795530664891256,3.969012429535527
2024-12-17,76.64565626845166,3.193569011185486,3.988748315175574
2024-12-18,77.03440590201082,3.209766912583784,4.0931158375955246
2024-12-19,76.55234203846597,3.1896809182694152,4.0251997093672935
2024-12-20,76.99095339449238,3.2079563914371825,4.006266102199497
2024-12-21,80.29995320518519,3.345831383549383,4.140903765531803
2024-12-22,80.89628547630548,3.370678561512728,4.242066459122784
2024-12-23,77.13164252623076,3.2138184385929485,3.9717012067854567
2024-12-24,76.69871633805266,3.195779847418861,4.024372641303192
2024-12-25,77.09907837393517,3.2124615989139653,4.060630929822416
2024-12-26,76.66763223455176,3.194484676439657,4.008141805870502
2024-12-27,77.29134024566189,3.2204725102359117,4.025664039316584
2024-12-28,80.48893998223619,3.3537058325931746,4.176787507418087
2024-12-29,80.62273763441615,3.35928073476734,4.216357948646039
2024-12-30,77.87624645286414,3.2448436022026725,4.085736560162447
